strain,insertion: 35bp @ ref pos 0,insertion: 59bp @ ref pos 1701
A/Alabama/02/2016,GGATAATTCTATTAACC,GTGCATTAATTAAAAACAC
A/Oregon/05/2016,GGATAATTCTATTAACC,GTGCATTAATTAAAAACAC
A/SouthDakota/01/2016,GGATAATTCTATTAACC,GTGCATTAATTAAAAACAC
A/California/133/2015,GGATAATTCTATTAACC,GTGCATTAATTAAAAACAC
A/California/63/2016,GGATAATTCTATTAACC,GTGCATTAATTAAAAACAC
A/Connecticut/36/2016,GGATAATTCTATTAACC,GTGCATTAATTAAAAACAC
A/Brisbane/188/2015,GGATAATTCTATTAACC,GTGCATTAATTAAAAACAC
A/Darwin/1000/2015,GGATAATTCTATTAACC,GTGCATTAATTAAAAACAC
A/SouthAustralia/163/2015,GGATAATTCTATTAACC,GTGCATTAATTAAAAACAC
A/SouthAustralia/31/2016,GGATAATTCTATTAACC,GTGCATTAATTAAAAACAC
A/Arizona/22/2015,GGATAATTCTATTAACC,GTGCATTAATTAAAAACAC
A/Michigan/66/2015,GGATAATTCTATTAACC,GTGCATTAATTAAAAACAC
A/California/126/2015,GGATAATTCTATTAACC,GTGCATTAATTAAAAACAC
A/California/05/2016,GGATAATTCTATTAACC,GTGCATTAATTAAAAACAC
A/Florida/93/2015,GGATAATTCTATTAACC,GTGCATTAATTAAAAACAC
A/Colorado/21/2015,GGATAATTCTATTAACC,GTGCATTAATTAAAAACAC
A/NewYork/76/2015,GGATAATTCTATTAACC,GTGCATTAATTAAAAACAC
A/California/137/2015,GGATAATTCTATTAACC,GTGCATTAATTAAAAACAC
A/Vermont/01/2016,GGATAATTCTATTAACC,GTGCATTGATTAAAAACAC
A/Victoria/455/2015,GGATAATTCTATTAACC,GTGCATTAATTAAAAACAC
A/California/138/2015,GGATAATTCTATTAACC,GTGCATTAATTAAAAACAC
A/Sydney/9/2016,GGATAATTCTATTAACC,GTGCATTAATTAAAAACAC
A/Brisbane/183/2015,GGATAATTCTATTAACC,GTGCATTAATTAAAAACAC
A/Brisbane/30/2016,GGATAATTCTATTAACC,GTGCATTAATTAAAAACAC
A/California/36/2016,GGATAATTCTATTAACC,GTGCATTAATTAAAAACAC
A/Kenya/023/2016,GGATAATTCTATTAACC,GTGCATTAATTAAAAACAC
A/Virginia/37/2016,GGATAATTCTATTAACC,GTGCATTAATTAAAAACAC
A/Indiana/28/2016,GGATAATTCTATTAACC,GTGCATTAATTAAAAACAC
A/Brisbane/195/2015,GGATAATTCTATTAACC,GTGCATTAACTAAAAACAC
A/SouthAustralia/146/2015,GGATAATTCTATTAACC,GTGCATTAATTAAAAACAC
A/SouthAustralia/29/2016,GGATAATTCTATTAACC,GTGCATTAATTAAAAACAC
A/California/108/2015,GGATAATTCTATTAACC,GTGCATTAATTAAAAACAC
A/California/100/2015,GGATAATTCTATTAACC,GTGCATTAATTAAAAACAC
A/California/127/2015,GGATAATTCTATTAACC,GTGCATTAATTAAAAACAC
A/Colorado/04/2016,GGATAATTCTATTAACC,GTGCATTAATTAAAAACAC
A/California/24/2016,GGATAATTCTATTAACC,GTGCATTAATTAAAAACAC
A/Connecticut/06/2016,GGATAATTCTATTAACC,GTGCATTAATTAAAAACAC
A/Brisbane/1008/2016,GGATAATTCTATTAACC,GTGCATTAATTAAAAACAC
A/Brisbane/68/2016,GGATAATTCTATTAACC,GTGCATTAATTAAAAACAC
A/SouthAustralia/138/2016,GGATAATTCTATTAACC,GTGCATTAATTAAAAACAC
A/SouthAustralia/27/2016,GGATAATTCTATTAACC,GTGCATTAATTAAAAACAC
A/Kenya/014/2016,GGATAATTCTATTAACC,GTGCATTAATTAAAAACAC
A/Townsville/37/2015,GGATAATTCTATTAACC,GTGCATTAATTAAAAACAC
A/Hawaii/14/2016,GGATAATTCTATTAACC,GTGCATTAATTAAAAACAC
A/Alabama/15/2016,GGATAATTCTATTAACC,GTGCATTAATTAAAAACAC
A/Sydney/25/2017,GGATAATTCTATTAACC,GTGCATTAATTAAAAACAC
A/Arizona/35/2017,GGATAATTCTATTAACC,GTGCATTAATTAAAAACAC
A/Townsville/3/2017,GGATAATTCTATTAACC,GTGCATTAATTAAAAACAC
A/WestVirginia/20/2017,GGATAATTCTATTAACC,GTGCATTAATTAAAAACAC
A/Sydney/37/2017,GGATAATTCTATTAACC,GTGCATTAATTAAAAACAC
A/Tasmania/41/2017,GGATAATTCTATTAACC,ATGCATTAATTAAAAACAC
A/Alaska/24/2016,GGATAATTCTATTAACC,GTGCATTAATTAAAAACAC
A/California/186/2016,GGATAATTCTATTAACC,GTGCATTAATTAAAAACAC
A/Maryland/15/2016,GGATAATTCTATTAACC,GTGCATTAATTAAAAACAC
A/Nevada/51/2016,GGATAATTCTATTAACC,GTGCATTAATTAAAAACAC
A/Sydney/11/2017,GGATAATTCTATTAACC,GTGCATTAATTAAAAACAC
A/Sydney/129/2016,GGATAATTCTATTAACC,GTGCATTAATTAAAAACAC
A/Kenya/015/2016,GGATAATTCTATTAACC,GTGCATTAATTAAAAACAC
A/Pennsylvania/50/2015,GGATAATTCTATTAACC,GTGCATTAATTAAAAACAC
A/Illinois/27/2015,GGATAATTCTATTAACC,GTGCATTAATTAAAAACAC
A/NewYork/43/2016,GGATAATTCTATTAACC,GTGCATTAATTAAAAACAC
A/Louisiana/29/2016,GGATAATTCTATTAACC,GTGCATTAATTAAAAACAC
A/SouthAustralia/51/2016,GGATAATTCTATTAACC,GTGCATTAATTAAAAACAC
A/California/96/2016,GGATAATTCTATTAACC,GTGCATTAATTAAAAACAC
A/Sydney/80/2016,GGATAATTCTATTAACC,GTGCATTAATTAAAAACAC
A/Iowa/22/2016,GGATAATTCTATTAACC,GTGCATTAATTAAAAACAC
A/Brisbane/231/2016,GGATAATTCTATTAACC,GTGCATTAATTAAAAACAC
A/Newcastle/1000/2016,GGATAATTCTATTAACC,GTGCATTAATTAAAAACAC
A/Newcastle/30/2016,GGATAATTCTATTAACC,GTGCATTAATTAAAAACAC
A/Newcastle/64/2016,GGATAATTCTATTAACC,GTGCATTAATTAAAAACAC
A/Newcastle/78/2016,GGATAATTCTATTAACC,GTGCATTAATTAAAAACAC
A/Nicaragua/0645_06/2016,GGATAATTCTATTAACC,GTGCATTAATTAAAAACAC
A/Nicaragua/6487_12/2016,GGATAATTCTATTAACC,GTGCATTAATTAAAAACAC
A/Nicaragua/6893_05/2016,GGATAATTCTATTAACC,GTGCATTAATTAAAAACAC
A/Nicaragua/8605_19/2016,GGATAATTCTATTAACC,GTGCATTAATTAAAAACAC
A/Nicaragua/8771_02/2016,GGATAATTCTATTAACC,GTGCATTAATTAAAAACAC
A/Nicaragua/5307_03/2016,GGATAATTCTATTAACC,GTGCATTAATTAAAAACAC
A/Nicaragua/7718_04/2016,GGATAATTCTATTAACC,GTGCATTAATTAAAAACAC
A/Nicaragua/9083_05/2016,GGATAATTCTATTAACC,GTGCATTAATTAAAAACAC
A/Nicaragua/9290_01/2016,GGATAATTCTATTAACC,GTGCATTAATTAAAAACAC
A/Nicaragua/IIIn_16_0266_01NT/2016,GGATAATTCTATTAACC,GTGCATTAATTAAAAACAC
A/Nicaragua/6842_18/2016,GGATAATTCTATTAACC,GTGCATTAATTAAAAACAC
A/Nicaragua/5275_01_TR2/2016,GGATAATTCTATTAACC,GTGCATTAATTAAAAACAC
A/Nicaragua/5660_06/2016,GGATAATTCTATTAACC,GTGCATTAATTAAAAACAC
A/Nicaragua/7056_03/2016,GGATAATTCTATTAACC,GTGCATTAATTAAAAACAC
A/Nicaragua/9073_02/2016,GGATAATTCTATTAACC,GTGCATTAATTAAAAACAC
A/Nicaragua/8031_10/2016,GGATAATTCTATTAACC,GTGCATTAATTAAAAACAC
A/Nicaragua/8100_07/2016,GGATAATTCTATTAACC,GTACATTAATTAAAAACAC
A/Nicaragua/6678_06/2016,GGATAATTCTATTAACC,GTGCATTAATTAAAAACAC
A/Nicaragua/5978_06/2016,GGATAATTCTATTAACC,GTGCATTAATTAAAAACAC
A/Utah/39/2016,GGATAATTCTATTAACC,GTGCATTAATTAAAAACAC
A/Wisconsin/86/2016,GGATAATTCTATTAACC,GTGCATTAATTAAAAACAC
A/Tasmania/213/2016,GGATAATTCTATTAACC,GTGCATTAATTAAAAACAC
A/Sydney/1092/2016,GGATAATTCTATTAACC,GTGCATTAATTAAAAACAC
A/Mississippi/12/2017,GGATAATTCTATTAACC,GTGCATTAATTAAAAACAC
A/Arizona/38/2017,GGATAATTCTATTAACC,GTGCATTAATTAAAAACAC
A/Sydney/48/2017,GGATAATTCTATTAACC,GTGCATTAATTAAAAACAC
A/Victoria/2045/2016,GGATAATTCTATTAACC,GTGCATTAATTAAAAACAC
A/Victoria/513/2016,GGATAATTCTATTAACC,GTGCATTAATTAAAAACAC
A/Alaska/26/2016,GGATAATTCTATTAACC,GTGCATTAATTAAAAACAC
A/Newcastle/134/2016,GGATAATTCTATTAACC,GTGCATTAATTAAAAACAC
A/Alaska/264/2015,GGATAATTCTATTAACC,GTGCATTAATTAAAAACAC
A/Sydney/1018/2016,GGATAATTCTATTAACC,GTGCATTAATTAAAAACAC
A/Canberra/1001/2016,GGATAATTCTATTAACC,GTGCATTAATTAAAAACAC
A/Sydney/101/2016,GGATAATTCTATTAACC,GTGCATTAATTAAAAACAC
A/California/126/2016,GGATAATTCTATTAACC,GTGCATTAATTAAAAACAC
A/Montana/39/2015,GGATAATTCTATTAACC,GTGCATTAATTAAAAACAC
A/California/121/2016,GGATAATTCTATTAACC,GTGCATTAATTAAAAACAC
A/Michigan/81/2016,GGATAATTCTATTAACC,GTGCATTAATTAAAAACAC
A/SouthAustralia/160/2016,GGATAATTCTATTAACC,GTGCATTAATTAAAAACAC
A/Sydney/1014/2016,GGATAATTCTATTAACC,GTGCATTAATTAAAAACAC
A/SouthAustralia/173/2016,GGATAATTCTATTAACC,GTGCATTAATTAAAAACAC
A/Sydney/1094/2016,GGATAATTCTATTAACC,GTGCATTAATTAAAAACAC
A/SouthAustralia/1007/2016,GGATAATTCTATTAACC,GTGCATTAATTAAAAACAC
A/SouthAustralia/164/2016,GGATAATTCTATTAACC,GTGCATTAATTAAAAACAC
A/SouthAustralia/141/2016,GGATAATTCTATTAACC,GTGCATTAATTAAAAACAC
A/Brisbane/287/2016,GGATAATTCTATTAACC,GTGCATTAATTAAAAACAC
A/Brisbane/300/2016,GGATAATTCTATTAACC,GTGCATTAATTAAAAACAC
A/Sydney/5/2017,GGATAATTCTATTAACC,GTGCATTAATTAAAAACAC
A/Tasmania/24/2016,GGATAATTCTATTAACC,GTGCATTAATTAAAAACAC
A/Canberra/80/2016,GGATAATTCTATTAACC,GTGCATTAATTAAAAACAC
A/Georgia/58/2016,GGATAATTCTATTAACC,GTGCATTAATTAAAAACAC
A/Tasmania/97/2016,GGATAATTCTATTAACC,GTGCATTAATTAAAAACAC
A/Florida/68/2016,GGATAATTCTATTAACC,GTGCATTAATTAAAAACAC
A/Ohio/34/2016,GGATAATTCTATTAACC,GTGCATTAATTAAAAACAC
A/SouthAustralia/115/2016,GGATAATTCTATTAACC,GTGCATTAATTAAAAACAC
A/Victoria/1012/2016,GGATAATTCTATTAACC,GTGCATTAATTAAAAACAC
A/SouthAustralia/147/2016,GGATAATTCTATTAACC,GTGCATTAATTAAAAACAC
A/Wyoming/22/2016,GGATAATTCTATTAACC,GTGCATTAATTAAAAACAC
A/Canberra/7/2016,GGATAATTCTATTAACC,GTGCATTAATTAAAAACAC
A/Tasmania/3/2016,GGATAATTCTATTAACC,GTGCATTAGTTAAAAACAC
A/Utah/47/2016,GGATAATTCTATTAACC,GTGCATTAATTAAAAACAC
A/Minnesota/31/2017,GGATAATTCTATTAACC,GTGCATTAATTAAAAACAC
A/Victoria/2073/2016,GGATAATTCTATTAACC,GTGCATTAATTAAAAACAC
A/Darwin/1008/2016,GGATAATTCTATTAACC,GTGCATTAATTAAAAACAC
A/Brisbane/197/2015,GGATAATTCTATTAACC,GTGCATTAATTAAAAACAC
A/California/120/2016,GGATAATTCTATTAACC,GTGCATTAATTAAAAACAC
A/SouthAustralia/35/2016,GGATAATTCTATTAACC,GTGCATTAATTAAAAACAC
A/Utah/43/2016,GGATAATTCTATTAACC,GTGCATTAATTAAAAACAC
A/Brisbane/66/2016,GGATAATTCTATTAACC,GTGCATTAATTAAAAACAC
A/SouthAustralia/172/2015,GGATAATTCTATTAACC,GTGCATTAATTAAAAACAC
A/SouthAustralia/143/2016,GGATAATTCTATTAACC,GTGCATTAATTAAAAACAC
A/Newcastle/201/2016,GGATAATTCTATTAACC,GTGCATTAATTAAAAACAC
A/Utah/53/2016,GGATAATTCTATTAACC,GTGCATTAATTAAAAACAC
A/Wyoming/07/2016,GGATAATTCTATTAACC,GTGCATTAATTAAAAACAC
A/Arizona/71/2016,GGATAATTCTATTAACC,GTACATTAATTAAAAACAC
A/Hawaii/54/2016,GGATAATTCTATTAACC,GTGCATTAATTAAAAACAC
A/Hawaii/58/2016,GGATAATTCTATTAACC,GTGCATTAATTAAAAACAC
A/NorthCarolina/51/2016,GGATAATTCTATTAACC,GTGCATTAATTAAAAACAC
A/Brisbane/86/2017,GGATAATTCTATTAACC,GTGCATTAATTAAAAACAC
A/Victoria/2015/2016,GGATAATTCTATTAACC,GTGCATTAATTAAAAACAC
A/Sydney/1059/2016,GGATAATTCTATTAACC,GTGCATTAATTAAAAACAC
A/Texas/179/2016,GGATAATTCTATTAACC,GTGCATTAATTAAAAACAC
A/Victoria/2097/2016,GGATAATTCTATTAACC,GTGCATTAATTAAAAACAC
A/Brisbane/285/2016,GGATAATTCTATTAACC,GTGCATTAATTAAAAACAC
A/Hawaii/76/2016,GGATAATTCTATTAACC,GTGCATTAATTAAAAACAC
A/WestVirginia/14/2016,GGATAATTCTATTAACC,GTGCATTAATTAAAAACAC
A/Perth/78/2016,GGATAATTCTATTAACC,GTGCATTAATTAAAAACAC
A/Alaska/28/2017,GGATAATTCTATTAACC,GTGCATTGATTAAAAACAC
A/Alaska/33/2017,GGATAATTCTATTAACC,GTGCATTGATTAAAAACAC
A/Arizona/06/2017,GGATAATTCTATTAACC,GTGCATTGATTAAAAACAC
A/Victoria/2001/2017,GGATAATTCTATTAACC,GTGCATTGATTAAAAACAC
A/Brisbane/122/2017,GGATAATTCTATTAACC,GTGCATTGATTAAAAACAC
A/Arizona/37/2017,GGATAATTCTATTAACC,GTGCATTGATTAAAAACAC
A/Oklahoma/19/2017,GGATAATTCTATTAACC,GTGCATTGATTAAAAACAC
A/Sydney/54/2017,GGATAATTCTATTAACC,GTGCATTGATTAAAAACAC
A/SouthDakota/29/2017,GGATAATTCTATTAACC,GTGCATTGATTAAAAACAC
A/Sydney/13/2017,GGATAATTCTATTAACC,GTGCATTGATTAAAAACAC
A/Florida/38/2017,GGATAATTCTATTAACC,GTGCATTGATTAAAAACAC
A/Idaho/24/2017,GGATAATTCTATTAACC,GTGCATTGATTAAAAACAC
A/Massachusetts/03/2017,GGATAATTCTATTAACC,GTGCATTGATTAAAAACAC
A/Louisiana/26/2016,GGATAATTCTATTAACC,GTGCATTAATTAAAAACAC
A/Washington/05/2017,GGATAATTCTATTAACC,GTGCATTAATTAAAAACAC
A/Washington/28/2017,GGATAATTCTATTAACC,GTGCATTAATTAAAAACAC
A/RhodeIsland/10/2017,GGATAATTCTATTAACC,GTGCATTAATTAAAAACAC
A/Michigan/58/2017,GGATAATTCTATTAACC,GTGCATTAATTAAAAACAC
A/Victoria/558/2017,GGATAATTCTATTAACC,GTGCATTGATTAAAAACAC
A/Victoria/12/2016,GGATAATTCTATTAACC,GTGCATTAAGTAAAAACAC
A/Illinois/45/2016,GGATAATTCTATTAACC,GTGCATTAATTAAAAACAC
A/Brisbane/298/2016,GGATAATTCTATTAACC,GTGCATTAATTAAAAACAC
A/Texas/177/2016,GGATAATTCTATTAACC,GTGCATTAATTAAAAACAC
A/SouthAustralia/193/2017,GGATAATTCTATTAACC,GTGCATTAATTAAAAACAC
A/Brisbane/296/2016,GGATAATTCTATTAACC,GTGCATTAATTAAAAACAC
A/Victoria/566/2016,GGATAATTCTATTAACC,GTGCATTAATTAAAAACAC
A/Alaska/29/2017,GGATAATTCTATTAACC,GTGCATTAATTAAAAACAC
A/Sydney/162/2017,GGATAATTCTATTAACC,GTGCATTAATTAAAAACAC
A/Sydney/212/2017,GGATAATTCTATTAACC,GTGCATTAATTAAAAACAC
A/Sydney/701/2017,GGATAATTCTATTAACC,GTGCATTAATTAAAAACAC
A/Townsville/17/2017,GGATAATTCTATTAACC,GTGCATTAATTAAAAACAC
A/Alaska/42/2017,GGATAATTCTATTAACC,GTGCATTAATTAAAAACAC
A/Arizona/47/2017,GGATAATTCTATTAACC,GTGCATTAATTAAAAACAC
A/Sydney/532/2017,GGATAATTCTATTAACC,GTGCATTAATTAAAAACAC
A/SouthAustralia/266/2017,GGATAATTCTATTAACC,GTGCATTAATTAAAAACAC
A/Sydney/19/2018,GGATAATTCTATTAACC,GTGCATTAATTAAAAACAC
A/Alaska/55/2017,GGATAATTCTATTAACC,GTGCATTAATTAAAAACAC
A/Brisbane/8/2018,GGATAATTCTATTAACC,GTGCATTAATTAAAAACAC
A/Brisbane/101/2017,GGATAATTCTATTAACC,GTGCATTAATTAAAAACAC
A/Maine/04/2017,GGATAATTCTATTAACC,GTGCATTAATTAAAAACAC
A/Brisbane/290/2016,GGATAATTCTATTAACC,GTGCATTAATTAAAAACAC
A/Sydney/76/2017,GGATAATTCTATTAACC,GTGCATTAATTAAAAACAC
A/California/176/2016,GGATAATTCTATTAACC,GTGCATTAATTAAAAACAC
A/Florida/61/2017,GGATAATTCTATTAACC,GTGCATTAATTAAAAACAC
A/Ohio/33/2017,GGATAATTCTATTAACC,GTGCATTAATTAAAAACAC
A/Pennsylvania/262/2017,GGATAATTCTATTAACC,GTGCATTAATTAAAAACAC
A/Wyoming/03/2017,GGATAATTCTATTAACC,GTGCATTAATTAAAAACAC
A/Texas/23/2017,GGATAATTCTATTAACC,GTGCATTAATTAAAAACAC
A/California/135/2016,GGATAATTCTATTAACC,GTGCATTAATTAAAAACAC
A/Sydney/27/2017,GGATAATTCTATTAACC,GTGCATTAATTAAAAACAC
A/Brisbane/324/2016,GGATAATTCTATTAACC,GTGCATTAATTAAAAACAC
A/SouthAustralia/219/2017,GGATAATTCTATTAACC,GTGCATTAATTAAAAACAC
A/Canberra/3/2017,GGATAATTCTATTAACC,GTGCATTAATTAAAAACAC
A/Darwin/1005/2017,GGATAATTCTATTAACC,GTGCATTAATTAAAAACAC
A/Ohio/37/2017,GGATAATTCTATTAACC,GTGCATCAATTAAAAACAC
A/Arizona/51/2017,GGATAATTCTATTAACC,GTGCATTAATTAAAAACAC
A/Alaska/17/2017,GGATAATTCTATTAACC,GTGCATTAATTAAAAACAC
A/Wisconsin/315/2017,GGATAATTCTATTAACC,GTGCATTAATTAAAAACAC
A/Michigan/289/2017,GGATAATTCTATTAACC,GTGCATTAATTAAAAACAC
A/Nicaragua/2010_03/2017,GGATAATTCTATTAACC,GTGCATTAATTAAAAACAC
A/Sydney/500/2017,GGATAATTCTATTAACC,GTGCATTAATTAAAAACAC
A/California/130/2017,GGATAATTCTATTAACC,GTGCATTAATTAAAAACAC
A/Minnesota/38/2017,GGATAATTCTATTAACC,GTGCATTAATTAAAAACAC
A/Texas/296/2017,GGATAATTCTATTAACC,GTGCATTAATTAAAAACAC
A/Virginia/36/2018,GGATAATTCTATTAACC,GTGCATTAATTAAAAACAC
A/Brisbane/28/2018,GGATAATTCTATTAACC,GTGCATTAATTAAAAACAC
A/SouthDakota/32/2017,GGATAATTCTATTAACC,GTGCATTAATTAAAAACAC
A/Brisbane/6/2018,GGATAATTCTATTAACC,GTGCATTAATTAAAAACAC
A/Colorado/28/2017,GGATAATTCTATTAACC,GTGCATTAATTAAAAACAC
A/Maryland/16/2018,GGATAATTCTATTAACC,GTGCATTAATTAAAAACAC
A/Canberra/3/2018,GGATAATTCTATTAACC,GTGCATTAATTAAAAACAC
A/Florida/45/2018,GGATAATTCTATTAACC,GTGCATTAATTAAAAACAC
A/Maryland/40/2018,GGATAATTCTATTAACC,GTGCATTAATTAAAAACAC
A/Montana/21/2018,GGATAATTCTATTAACC,GTGCATTGATTAAAAACAC
A/NewMexico/30/2017,GGATAATTCTATTAACC,GTGCATTAATTAAAAACAC
A/NorthCarolina/02/2018,GGATAATTCTATTAACC,GTGCATTAATTAAAAACAC
A/Newcastle/13/2018,GGATAATTCTATTAACC,GTGCATTAATTAAAAACAC
A/Newcastle/7/2018,GGATAATTCTATTAACC,GTGCATTAATTAAAAACAC
A/Victoria/2012/2018,GGATAATTCTATTAACC,GTGCATTAATTAAAAACAC
A/Kentucky/25/2018,GGATAATTCTATTAACC,GTGCATTAATTAAAAACAC
A/Newcastle/20/2018,GGATAATTCTATTAACC,GTGCATTGATTAAAAACAC
A/Ohio/42/2017,GGATAATTCTATTAACC,GTGCATTAATTAAAAACAC
A/Perth/341/2017,GGATAATTCTATTAACC,GTGCATTAATTAAAAACAC
A/SouthAustralia/163/2017,GGATAATTCTATTAACC,GTGCATTAATTAAAAACAC
A/Sydney/547/2017,GGATAATTCTATTAACC,GTGCATTAATTAAAAACAC
A/SouthAustralia/217/2017,GGATAATTCTATTAACC,GTGCATTAATTAAAAACAC
A/Brisbane/36/2018,GGATAATTCTATTAACC,GTGCATTAATTAAAAACAC
A/Kentucky/23/2018,GGATAATTCTATTAACC,GTGCATTAATTAAAAACAC
A/Sydney/11/2018,GGATAATTCTATTAACC,GTGCATTAATTAAAAACAC
A/Brisbane/12/2018,GGATAATTCTATTAACC,GTGCATTAATTAAAAACAC
A/Brisbane/17/2018,GGATAATTCTATTAACC,GTGCATTAATTAAAAACAC
A/Texas/91/2018,GGATAATTCTATTAACC,GTGCATTAATTAAAAACAC
A/Arkansas/38/2017,GGATAATTCTATTAACC,GTGCATTAATTAAAAACAC
A/Florida/120/2017,GGATAATTCTATTAACC,GTGCATTAATTAAAAACAC
A/Iowa/32/2018,GGATAATTCTATTAACC,GTGCATTAATTAAAAACAC
A/Pennsylvania/267/2017,GGATAATTCTATTAACC,GTGCATTAATTAAAAACAC
A/Louisiana/48/2017,GGATAATTCTATTAACC,GTGCATTAATTAAAAACAC
A/Maryland/03/2018,GGATAATTCTATTAACC,GTGCATTAATTAAAAACAC
A/NewJersey/17/2018,GGATAATTCTATTAACC,GTGCATTAATTAAAAACAC
A/Idaho/06/2018,GGATAATTCTATTAACC,GTGCATTAATTAAAAACAC
A/Ohio/44/2017,GGATAATTCTATTAACC,GTGCATTAATTAAAAACAC
A/Iowa/04/2018,GGATAATTCTATTAACC,GTGCATTAATTAAAAACAC
A/SouthAustralia/2/2018,GGATAATTCTATTAACC,GTGCATTAATTAAAAACAC
A/Colorado/25/2017,GGATAATTCTATTAACC,GTGCATTAATTAAAAACAC
A/Montana/24/2018,GGATAATTCTATTAACC,GTGCATTAATTAAAAACAC
A/Connecticut/26/2018,GGATAATTCTATTAACC,GTGCATTAATTAAAAACAC
A/Sydney/24/2018,GGATAATTCTATTAACC,GTGCATTAATTAAAAACAC
A/SouthAustralia/4/2018,GGATAATTCTATTAACC,GTGCATTAATTAAAAACAC
A/Kentucky/17/2018,GGATAATTCTATTAACC,GTGCATTAATTAAAAACAC
A/Newcastle/11/2018,GGATAATTCTATTAACC,GTGCATTAATTAAAAACAC
A/SouthDakota/39/2017,GGATAATTCTATTAACC,GTGCATTAATTAAAAACAC
A/Alaska/19/2017,GGATAATTCTATTAACC,GTGCATTAATTAAAAACAC
A/Alaska/26/2017,GGATAATTCTATTAACC,GTGCATTAATTAAAAACAC
A/California/63/2017,GGATAATTCTATTAACC,GTGCATTAATTAAAAACAC
A/Nicaragua/7333_07/2017,GGATAATTCTATTAACC,GTGCATTAATTAAAAACAC
A/Nicaragua/7577_11/2017,GGATAATTCTATTAACC,GTGCATTAATTAAAAACAC
A/Nicaragua/8539_09/2017,GGATAATTCTATTAACC,GTGCATTAATTAAAAACAC
A/Nicaragua/8712_05/2017,GGATAATTCTATTAACC,GTGCATTAATTAAAAACAC
A/Nicaragua/8899_11/2017,GGATAATTCTATTAACC,GTGCATTAATTAAAAACAC
A/Nicaragua/9116_07/2017,GGATAATTCTATTAACC,GTGCATTAATTAAAAACAC
A/Nicaragua/9707_02/2017,GGATAATTCTATTAACC,GTGCATTAATTAAAAACAC
A/Nicaragua/4992_03/2017,GGATAATTCTATTAACC,GTGCATTAATTAAAAACAC
A/Nicaragua/9076_10/2017,GGATAATTCTATTAACC,GTGCATTAATTAAAAACAC
A/Nicaragua/5935_13/2017,GGATAATTCTATTAACC,GTGCATTAATTAAAAACAC
A/Nicaragua/6850_13/2017,GGATAATTCTATTAACC,GTGCATTAATTAAAAACAC
A/Nicaragua/8765_10/2017,GGATAATTCTATTAACC,GTGCATTAATTAAAAACAC
A/Nicaragua/9146_04/2017,GGATAATTCTATTAACC,GTGCATTAATTAAAAACAC
A/Nicaragua/9537_03/2017,GGATAATTCTATTAACC,GTGCATTAATTAAAAACAC
A/Nicaragua/9379_04/2017,GGATAATTCTATTAACC,GTGCATTAATTAAAAACAC
A/Nicaragua/9872_01/2017,GGATAATTCTATTAACC,GTGCATTAATTAAAAACAC
A/Nicaragua/5605_16/2017,GGATAATTCTATTAACC,GTGCATTAATTAAAAACAC
A/Nicaragua/6245_07/2017,GGATAATTCTATTAACC,GTGCATTAATTAAAAACAC
A/Nicaragua/6796_14/2017,GGATAATTCTATTAACC,GTGCATTAATTAAAAACAC
A/Nicaragua/6186_07/2017,GGATAATTCTATTAACC,GTGCATTAATTAAAAACAC
A/Nicaragua/8714_08/2017,GGATAATTCTATTAACC,GTGCATTAATTAAAAACAC
A/Newcastle/604/2017,GGATAATTCTATTAACC,GTGCATTAATTAAAAACAC
A/Louisiana/52/2017,GGATAATTCTATTAACC,GTGCATTAATTAAAAACAC
A/Arizona/32/2017,GGATAATTCTATTAACC,GTGCATTAATTAAAAACAC
A/Nebraska/02/2017,GGATAATTCTATTAACC,GTGCATTAATTAAAAACAC
A/Canberra/2/2017,GGATAATTCTATTAACC,GTGCATTAATTAAAAACAC
A/Connecticut/12/2017,GGATAATTCTATTAACC,GTGCATTAATTAAAAACAC
A/Vermont/12/2017,GGATAATTCTATTAACC,GTGCATTAATTAAAAACAC
A/Oklahoma/20/2017,GGATAATTCTATTAACC,GTGCATTAATTAAAAACAC
A/Louisiana/10/2017,GGATAATTCTATTAACC,GTGCATTAATTAAAAACAC
A/Washington/110/2016,GGATAATTCTATTAACC,GTGCATTAATTAAAAACAC
A/Maine/09/2017,GGATAATTCTATTAACC,GTGCATTAATTAAAAACAC
A/SouthAustralia/172/2016,GGATAATTCTATTAACC,GTGCATTAATTAAAAACAC
A/Iowa/33/2016,GGATAATTCTATTAACC,GTGCATTAATTAAAAACAC
A/Texas/204/2016,GGATAATTCTATTAACC,GTGCATTAATTAAAAACAC
A/Victoria/663/2016,GGATAATTCTATTAACC,GTGCATTAATTAAAAACAC
A/Sydney/36/2017,GGATAATTCTATTAACC,GTGCATTAATTAAAAACAC
A/Victoria/668/2016,GGATAATTCTATTAACC,GTGCATTAATTAAAAACAC
A/Brisbane/1101/2017,GGATAATTCTATTAACC,GTGCATTAATTAAAAACAC
A/Texas/106/2017,GGATAATTCTATTAACC,GTGCATTAATTAAAAACAC
A/Florida/50/2017,GGATAATTCTATTAACC,GTGCATTAATTAAAAACAC
A/Tasmania/43/2017,GGATAATTCTATTAACC,GTGCATTAATTAAAAACAC
A/Wyoming/12/2017,GGATAATTCTATTAACC,GTGCATTAATTAAAAACAC
A/Utah/18/2017,GGATAATTCTATTAACC,GTGCATTAATTAAAAACAC
A/SouthAustralia/29/2017,GGATAATTCTATTAACC,GTGCATTAATTAAAAACAC
A/Brisbane/273/2016,GGATAATTCTATTAACC,GTGCATTAATTAAAAACAC
A/Alaska/82/2017,GGATAATTCTATTAACC,GTGCATTAATTAAAAACAC
A/Sydney/729/2017,GGATAATTCTATTAACC,GTGCATTAATTAAAAACAC
A/Missouri/14/2018,GGATAATTCTATTAACC,GTGCATTAATTAAAAACAC
A/California/106/2017,GGATAATTCTATTAACC,GTGCATTAATTAAAAACAC
A/NorthCarolina/32/2017,GGATAATTCTATTAACC,GTGCATTAATTAAAAACAC
A/Newcastle/14/2018,GGATAATTCTATTAACC,GTGCATTGATTAAAAACAC
A/Sydney/3/2018,GGATAATTCTATTAACC,GTGCATTAATTAAAAACAC
A/Alaska/57/2017,GGATAATTCTATTAACC,GTGCATTAATTAAAAACAC
A/Brisbane/110/2017,GGATAATTCTATTAACC,GTGCATTAATTAAAAACAC
A/Victoria/801/2017,GGATAATTCTATTAACC,GTGCATTAATTAAAAACAC
A/Canberra/15/2017,GGATAATTCTATTAACC,GTGCATTAATTAAAAACAC
A/Perth/97/2017,GGATAATTCTATTAACC,GTGCATTAATTAAAAACAC
A/SouthAustralia/263/2017,GGATAATTCTATTAACC,GTGCATTAATTAAAAACAC
A/Texas/291/2017,GGATAATTCTATTAACC,GTGCATTAATTAAAAACAC
A/Wisconsin/327/2017,GGATAATTCTATTAACC,GTGCATTAATTAAAAACAC
A/Darwin/1004/2018,GGATAATTCTATTAACC,GTGCATTAATTAAAAACAC
A/Newcastle/150/2017,GGATAATTCTATTAACC,GTGCATTAATTAAAAACAC
A/Sydney/205/2017,GGATAATTCTATTAACC,GTGCATTAATTAAAAACAC
A/Sydney/217/2017,GGATAATTCTATTAACC,GTGCATTAATTAAAAACAC
A/Wisconsin/49/2017,GGATAATTCTATTAACC,GTGCATTAATTAAAAACAC
A/Perth/16/2018,GGATAATTCTATTAACC,GTGCATTAATTAAAAACAC
A/Sydney/508/2017,GGATAATTCTATTAACC,GTGCATTAATTAAAAACAC
A/Sydney/710/2017,GGATAATTCTATTAACC,GTGCATTAATTAAAAACAC
A/Sydney/735/2017,GGATAATTCTATTAACC,GTGCATTAATTAAAAACAC
A/Brisbane/14/2018,GGATAATTCTATTAACC,GTGCATTAATTAAAAACAC
A/Sydney/20/2018,GGATAATTCTATTAACC,GTGCATTAATTAAAAACAC
A/Brisbane/180/2017,GGATAATTCTATTAACC,GTGCATTAATTAAAAACAC
A/Louisiana/53/2017,GGATAATTCTATTAACC,GTGCATTAATTAAAAACAC
A/Louisiana/63/2017,GGATAATTCTATTAACC,GTGCATTAATTAAAAACAC
A/California/120/2017,GGATAATTCTATTAACC,GTGCATTAATTAAAAACAC
A/Brisbane/75/2017,GGATAATTCTATTAACC,GTGCATTAATTAAAAACAC
A/Kenya/032/2017,GGATAATTCTATTAACC,GTGCATTAATTAAAAACAC
A/SouthAfrica/A112-004-068/2017,GGATAATTCTATTAACC,GTGCATTAATTAAAAACAC
A/SouthAfrica/K123-002-059/2017,GGATAATTCTATTAACC,GTGCATTAATTAAAAACAC
A/SouthAfrica/K116-002-062/2017,GGATAATTCTATTAACC,GTGCATTAATTAAAAACAC
A/Victoria/2023/2017,GGATAATTCTATTAACC,GTGCATTAATTAAAAACAC
A/Perth/352/2017,GGATAATTCTATTAACC,GTGCATTAATTAAAAACAC
A/Brisbane/87/2017,GGATAATTCTATTAACC,GTGCATTAATTAAAAACAC
A/Connecticut/37/2016,GGATAATTCTATTAACC,GTGCATTAATTAAAAACAC
A/Maryland/24/2016,GGATAATTCTATTAACC,GTGCATTAATTAAAAACAC
A/Pennsylvania/105/2016,GGATAATTCTATTAACC,GTGCATTAATTAAAAACAC
A/Florida/96/2016,GGATAATTCTATTAACC,GTGCATTAATTAAAAACAC
A/Texas/68/2017,GGATAATTCTATTAACC,GTGCATTAATTAAAAACAC
A/Wisconsin/312/2017,GGATAATTCTATTAACC,GTGCATTAATTAAAAACAC
A/Florida/81/2016,GGATAATTCTATTAACC,GTGCATTAATTAAAAACAC
A/Maryland/32/2017,GGATAATTCTATTAACC,GTGCATTAATTAAAAACAC
A/Victoria/501/2017,GGATAATTCTATTAACC,GTGCATTAATTAAAAACAC
A/Brisbane/13/2018,GGATAATTCTATTAACC,GTGCATTAATTAAAAACAC
A/Minnesota/33/2017,GGATAATTCTATTAACC,GTGCATTAATTAAAAACAC
A/Florida/47/2017,GGATAATTCTATTAACC,GTGCATTAATTAAAAACAC
A/Florida/17/2017,GGATAATTCTATTAACC,GTGCATTGATTAAAAACAC
A/Hawaii/41/2017,GGATAATTCTATTAACC,GTGCATTAATTAAAAACAC
A/Michigan/48/2017,GGATAATTCTATTAACC,GTGCATTAATTAAAAACAC
A/Sydney/1205/2017,GGATAATTCTATTAACC,GTGCATTAATTAAAAACAC
A/Canberra/1000/2018,GGATAATTCTATTAACC,GTGCATTAATTAAAAACAC
A/Newcastle/17/2018,GGATAATTCTATTAACC,GTGCATTAATTAAAAACAC
A/Sydney/22/2018,GGATAATTCTATTAACC,GTGCATTAATTAAAAACAC
A/Connecticut/30/2017,GGATAATTCTATTAACC,GTGCATTAATTAAAAACAC
A/Michigan/276/2017,GGATAATTCTATTAACC,GTGCATTAATTAAAAACAC
A/Missouri/28/2017,GGATAATTCTATTAACC,GTGCATTAATTAAAAACAC
A/NewJersey/26/2017,GGATAATTCTATTAACC,GTGCATTAATTAAAAACAC
A/Missouri/37/2017,GGATAATTCTATTAACC,GTGCATTAATTAAAAACAC
A/Perth/340/2017,GGATAATTCTATTAACC,GTGCATTAATTAAAAACAC
A/Oklahoma/33/2017,GGATAATTCTATTAACC,GTGCATTAATTAAAAACAC
A/Perth/315/2017,GGATAATTCTATTAACC,GTGCATTAATTAAAAACAC
A/SouthAfrica/A169-009-068/2017,GGATAATTCTATTAACC,GTGCATTAATTAAAAACAC
A/Brisbane/7/2018,GGATAATTCTATTAACC,GTGCATTAATTAAAAACAC
A/Canberra/11/2017,GGATAATTCTATTAACC,GTGCATTAATTAAAAACAC
A/Perth/348/2017,GGATAATTCTATTAACC,GTGCATTAATTAAAAACAC
A/SouthAustralia/133/2017,GGATAATTCTATTAACC,GTGCATTAATTAAAAACAC
A/Sydney/152/2017,GGATAATTCTATTAACC,GTGCATTAATTAAAAACAC
A/Victoria/623/2017,GGATAATTCTATTAACC,GTGCATTAATTAAAAACAC
A/Brisbane/299/2016,GGATAATTCTATTAACC,GTGCATTAATTAAAAACAC
A/Illinois/17/2017,GGATAATTCTATTAACC,GTGCATTAATTAAAAACAC
A/Nicaragua/4769_05/2017,GGATAATTCTATTAACC,GTGCATTAATTAAAAACAC
A/Nicaragua/9693_02/2017,GGATAATTCTATTAACC,GTGCATTAATTAAAAACAC
A/Nicaragua/8078_07/2017,GGATAATTCTATTAACC,GTGCATTAATTAAAAACAC
A/Nicaragua/9452_07/2017,GGATAATTCTATTAACC,GTGCATTAATTAAAAACAC
A/Nicaragua/9852_01/2017,GGATAATTCTATTAACC,GTGCATTAATTAAAAACAC
A/Nicaragua/5506_06/2017,GGATAATTCTATTAACC,GTGCATTAATTAAAAACAC
A/Nicaragua/8540_14/2017,GGATAATTCTATTAACC,GTGCATTAATTAAAAACAC
A/Nicaragua/9065_11/2017,GGATAATTCTATTAACC,GTGCATTAATTAAAAACAC
A/Nicaragua/7302_15/2017,GGATAATTCTATTAACC,GTGCATTAATTAAAAACAC
A/Georgia/11/2017,GGATAATTCTATTAACC,GTGCATTAATTAAAAACAC
A/Sydney/707/2017,GGATAATTCTATTAACC,GTGCATTAATTAAAAACAC
A/Vermont/12/2018,GGATAATTCTATTAACC,GTGCATTAATTAAAAACAC
A/Sydney/1000/2018,GGATAATTCTATTAACC,GTGCATTAATTAAAAACAC
A/MaharashtraState/NIV1734102/2017,GGATAATTCTATTAACC,GTGCATTAATTAAAAACACCAGATCGGAAGAGCAC
A/Brisbane/18/2017,GGATAATTCTATTAACC,GTGCATTAATTAAAAACAC
A/Townsville/2/2017,GGATAATTCTATTAACC,GTGCATTAATTAAAAACAC
A/Sydney/38/2017,GGATAATTCTATTAACC,GTGCATTAATTAAAAACAC
A/Victoria/510/2017,GGATAATTCTATTAACC,GTGCATTAATTAAAAACAC
A/Victoria/595/2017,GGATAATTCTATTAACC,GTGCATTAATTAAAAACAC
A/SouthAustralia/150/2017,GGATAATTCTATTAACC,GTGCATTAATTAAAAACAC
A/Mississippi/17/2017,GGATAATTCTATTAACC,GTGCATTAATTAAAAACAC
A/SouthAustralia/264/2017,GGATAATTCTATTAACC,GTGCATTAATTAAAAACAC
A/Victoria/614/2017,GGATAATTCTATTAACC,GTGCATTAATTAAAAACAC
A/Sydney/206/2017,GGATAATTCTATTAACC,GTGCATTAATTAAAAACAC
A/Victoria/682/2017,GGATAATTCTATTAACC,GTGCATTAATTAAAAACAC
A/Sydney/531/2017,GGATAATTCTATTAACC,GTGCATTAATTAAAAACAC
A/Victoria/24/2017,GGATAATTCTATTAACC,GTGCATTAATTAAAAACAC
A/Sydney/199/2017,GGATAATTCTATTAACC,GTGCATTAATTAAAAACAC
A/Sydney/553/2017,GGATAATTCTATTAACC,GTGCATTAATTAAAAACAC
A/Victoria/2019/2017,GGATAATTCTATTAACC,GTGCATTAATTAAAAACAC
A/Alabama/13/2016,GGATAATTCTATTAACC,ATGCATTAATTAAAAACAC
A/Idaho/34/2016,GGATAATTCTATTAACC,GTGCATTAATTAAAAACAC
A/Texas/129/2016,GGATAATTCTATTAACC,GTGCATTAATTAAAAACAC
A/Texas/170/2016,GGATAATTCTATTAACC,GTGCATTAATTAAAAACAC
A/Texas/175/2016,GGATAATTCTATTAACC,GTGCATTAATTAAAAACAC
A/Texas/176/2016,GGATAATTCTATTAACC,GTGCATTAATTAAAAACAC
A/Texas/171/2016,GGATAATTCTATTAACC,GTGCATTAATTAAAAACAC
A/Texas/173/2016,GGATAATTCTATTAACC,GTGCATTAATTAAAAACAC
A/Brisbane/158/2016,GGATAATTCTATTAACC,GTGCATTAATTAAAAACAC
A/California/110/2016,GGATAATTCTATTAACC,GTGCATTAATTAAAAACAC
A/Florida/67/2016,GGATAATTCTATTAACC,GTGCATTAATTAAAAACAC
A/Nicaragua/8156_07/2016,GGATAATTCTATTAACC,GTGCATTAATTAAAAACAC
A/Michigan/64/2016,GGATAATTCTATTAACC,GTGCATTAATTAAAAACAC
A/NorthCarolina/40/2016,GGATAATTCTATTAACC,GTGCATTAATTAAAAACAC
A/Michigan/29/2016,GGATAATTCTATTAACC,GTGCATTAATTAAAAACAC
A/Nevada/34/2016,GGATAATTCTATTAACC,GTGCATTAATTAAAAACAC
A/Nicaragua/8774_10/2016,GGATAATTCTATTAACC,GTGCATTAATTAAAAACAC
A/NorthCarolina/46/2016,GGATAATTCTATTAACC,GTACATTAATTAAAAACAC
A/Kansas/03/2016,GGATAATTCTATTAACC,GTGCATTAATTAAAAACAC
A/Texas/74/2015,GGATAATTCTATTAACC,GTGCATTAATTAAAAACAC
A/Minnesota/73/2016,GGATAATTCTATTAACC,GTGCATTAATTAAAAACAC
A/Kansas/17/2016,GGATAATTCTATTAACC,GTGCATTAATTAAAAACAC
A/Brisbane/200/2016,GGATAATTCTATTAACC,GTACATTAATTAAAAACAC
A/Brisbane/302/2016,GGATAATTCTATTAACC,GTACATTAATTAAAAACAC
A/Sydney/266/2016,GGATAATTCTATTAACC,GTACATTAATTAAAAACAC
A/SouthAustralia/41/2016,GGATAATTCTATTAACC,GTACATTAATTAAAAACAC
A/Sydney/142/2016,GGATAATTCTATTAACC,GTACATTAATTAAAAACAC
A/Texas/178/2016,GGATAATTCTATTAACC,GTACATTAATTAAAAACAC
A/Brisbane/291/2016,GGATAATTCTATTAACC,GTACATTAATTAAAAACAC
A/Texas/130/2016,GGATAATTCTATTAACC,GTACATTAATTAAAAACAC
A/Townsville/51/2016,GGATAATTCTATTAACC,GTACATTAATTAAAAACAC
A/Connecticut/04/2016,GGATAATTCTATTAACC,GTACATTAATTAAAAACAC
A/Pennsylvania/70/2016,GGATAATTCTATTAACC,GTACATTAATTAAAAACAC
A/Colorado/23/2016,GGATAATTCTATTAACC,GTACATTAATTAAAAACAC
A/Perth/22/2016,GGATAATTCTATTAACC,GTACATTAATTAAAAACAC
A/Texas/120/2016,GGATAATTCTATTAACC,GTGCATTAATTAAAAACAC
A/SouthAustralia/3/2016,GGATAATTCTATTAACC,GTGCATTAATTAAAAACAC
A/Sydney/29/2016,GGATAATTCTATTAACC,GTGCATTAATTAAAAACAC
A/Alabama/19/2017,GGATAATTCTATTAACC,GTGCATTAATTAAAAACAC
A/Brisbane/1/2017,GGATAATTCTATTAACC,GTGCATTAATTAAAAACAC
A/NewYork/103/2016,GGATAATTCTATTAACC,GTGCATTAATTAAAAACAC
A/NewYork/88/2016,GGATAATTCTATTAACC,GTGCATTAATTAAAAACAC
A/NewYork/92/2016,GGATAATTCTATTAACC,GTGCATTAATTAAAAACAC
A/NewYork/99/2016,GGATAATTCTATTAACC,GTGCATTAATTAAAAACAC
A/NorthCarolina/58/2016,GGATAATTCTATTAACC,GTGCATTAATTAAAAACAC
A/Washington/289/2017,GGATAATTCTATTAACC,GTGCATTAATTAAAAACAC
A/NewYork/81/2016,GGATAATTCTATTAACC,GTGCATTAATTAAAAACAC
A/NewYork/83/2016,GGATAATTCTATTAACC,GTGCATTAATTAAAAACAC
A/Delaware/12/2017,GGATAATTCTATTAACC,GTGCATTAATTAAAAACAC
A/Michigan/262/2017,GGATAATTCTATTAACC,GTGCATTAATTAAAAACAC
A/Indiana/24/2017,GGATAATTCTATTAACC,GTGCATTAATTAAAAACAC
A/Florida/48/2017,GGATAATTCTATTAACC,GTGCATTAATTAAAAACAC
A/Newcastle/191/2017,GGATAATTCTATTAACC,GTGCATTAATTAAAAACAC
A/Brisbane/34/2018,GGATAATTCTATTAACC,GTGCATTAATTAAAAACAC
A/Tennessee/19/2018,GGATAATTCTATTAACC,GTGCATTAATTAAAAACAC
A/Georgia/17/2018,GGATAATTCTATTAACC,GTGCATTAATTAAAAACAC
A/SouthDakota/34/2018,GGATAATTCTATTAACC,GTGCATTAATTAAAAACAC
A/Tennessee/72/2017,GGATAATTCTATTAACC,GTGCATTAATTAAAAACAC
A/Kenya/013/2017,GGATAATTCTATTAACC,GTGCATTAATTAAAAACAC
A/Utah/36/2016,GGATAATTTTATTAATC,GTGCATTAATTAAAAACAC
A/Alaska/22/2016,GGATAATTTTATTAATC,GTGCATTAATTAAAAACAC
A/Hawaii/47/2016,GGATAATTTTATTAATC,GTGCATTAATTAAAAACAC
A/SouthAustralia/148/2016,GGATAATTTTATTAATC,GTGCATTAATTAAAAACAC
A/Pennsylvania/62/2016,GGATAATTTTATTAATC,GTGCATTAATTAAAAACAC
A/SouthAustralia/18/2016,GGATAATTTTATTAATC,GTGCATTAATTAAAAACAC
A/California/137/2016,GGATAATTTTATTAATC,GTGCATTAATTAAAAACAC
A/Nebraska/24/2016,GGATAATTTTATTAATC,GTGCATTAATTAAAAACAC
A/Gainesville/10/2016,GGATAATTTTATTAATC,GTGCATTAATTAAAAACAC
A/Texas/180/2016,GGATAATTTTATTAATC,GTGCATTAATTAAAAACAC
A/Texas/183/2016,GGATAATTTTATTAATC,GTGCATTAATTAAAAACAC
A/Texas/186/2016,GGATAATTTTATTAATC,GTGCATTAATTAAAAACAC
A/Nevada/37/2016,GGATAATTTTATTAATC,GTGCATTAATTAAAAACAC
A/Brisbane/184/2015,GGATAATTCCATTAACC,GTGCATTAATTAAAAACAC
A/SouthAustralia/1036/2015,GGATAATTCCATTAACC,GTGCATTAATTAAAAACAC
A/Newcastle/187/2016,GGATAATTCCATTAACC,GTGCATTAATTAAAAACAC
A/California/94/2015,GGATAACTCTATTAACC,GTGCATTAATTAAAAACAC
A/Brisbane/122/2016,GGATAATTCTATTGACC,GTGCATTAATTAAAAACAC
A/SouthAustralia/34/2016,GGATAATTCTATTGACC,GTGCATTAATTAAAAACAC
A/SouthAustralia/162/2015,GGATAATTCTATTGACC,GTGCATTAATTAAAAACAC
A/Florida/19/2017,GGATAATTCTATTGACC,GTGCATTAATTAAAAACAC
A/Sydney/9/2017,GGATGATTCTATTAACC,GTGCATTAATTAAAAACAC
A/Illinois/53/2016,GGATAATCCTATTAACC,GTGCATTAATTAAAAACAC
A/China/GMU-SKLRD03/2017,AGCAAAAGCAGGGGATAATTCTATTAACC,GTGCATTAATTAAAAACACCCTTGTTTCTACT
A/Linkou/0153/2016,AGCAAAAGCAGGGGATAATTCTATTAACC,GTGCATTAATTAAAAACACCC
A/Linkou/0166/2016,AGCAAAAGCAGGGGATAATTCTATTAACC,GTGCATTAATTAAAAACACCC
A/Taipei/0123/2017,AGCAAAAGCAGGGGATAATTCTATTAACC,GTGCATTAATTAAAAACACCC
A/Linkou/0185/2016,AGCAAAAGCAGGGGATAATTCTATTAACC,GTGCATTAATTAAAAACACCC
A/Linkou/0302/2017,AGCAAAAGCAGGGGATAATTCTATTAACC,GTGCATTAATTAAAAACACCC
A/Linkou/0304/2017,AGCAAAAGCAGGGGATAATTCTATTAACC,GTGCATTAATTAAAAACACCC
A/Santiago/p024d0/2017,AGCAAAAGCAGGGGATAATTCTATTAACC,GTACATTAATTAAAAACACCCTTGTTTCTACT
A/Santiago/PUC-MVL_161/2017,AGCAAAAGCAGGGGATAATTCTATTAACC,GTGCATTAATTAAAAACACCCTTGTTTCTACT
A/Santiago/p022d0/2017,AGCAAAAGCAGGGGATAATTCTATTAACC,GTGCATTAATTAAAAACACCCTTGTTTCTACT
A/Baltimore/P0238/2018,AGCAAAAGCAGGGGATAATTCTATTAACC,GTGCATTAATTAAAAACACCC
A/Linkou/0187/2016,AGCAAAAGCAGGGGATAATTCTATTAACC,GTGCATTAATTAAAAACACCC
A/Linkou/0192/2017,AGCAAAAGCAGGGGATAATTCTATTAACC,GTGCATTAATTAAAAACACCC
A/Linkou/0347/2017,AGCAAAAGCAGGGGATAATTCTATTAACC,GTGCATTAATTAAAAACACCC
A/Taipei/0122/2017,AGCAAAAGCAGGGGATAATTCTATTAACC,GTGCATTAATTAAAAACACCC
A/Santiago/PUC-MVL_012/2018,AGCAAAAGCAGGGGATAATTCTATTAACC,GTGCATTAATTAAAAACACCCTTGTTTCTACT
A/Santiago/PUC-MVL_192/2017,AGCAAAAGCAGGGGATAATTCTATTAACC,GTGCATTAATTAAAAACACCCTTGTTTCTACT
A/Santiago/RMS_op010d0/2017,AGCAAAAGCAGGGGATAATTCTATTAACC,GTGCATTAATTAAAAACACCCTTGTTTCTACT
A/Santiago/op004d0/2017,AGCAAAAGCAGGGGATAATTCTATTAACC,GTGCATTAATTAAAAACACCCTTGTTTCTACT
A/Keelung/0081/2016,AGCAAAAGCAGGGGATAATTCTATTAACC,GTGCATTAATTAAAAACACCC
A/Keelung/0082/2016,AGCAAAAGCAGGGGATAATTCTATTAACC,GTGCATTAATTAAAAACACCC
A/Keelung/0095/2016,AGCAAAAGCAGGGGATAATTCTATTAACC,GTGCATTAATTAAAAACACCC
A/Keelung/0097/2016,AGCAAAAGCAGGGGATAATTCTATTAACC,GTGCATTAATTAAAAACACCC
A/Taipei/0088/2016,AGCAAAAGCAGGGGATAATTCTATTAACC,GTGCATTAATTAAAAACACCC
A/Linkou/0173/2016,AGCAAAAGCAGGGGATAATTCTATTAACC,GTGCATTAATTAAAAACACCC
A/Keelung/0113/2017,AGCAAAAGCAGGGGATAATTCTATTAACC,GTGCATTAATTAAAAACACCC
A/Linkou/0168/2016,AGCAAAAGCAGGGGATAATTCTATTAACC,GTGCATTAATTAAAAACACCC
A/Linkou/0194/2017,AGCAAAAGCAGGGGATAATTCTATTAACC,GTGCATTAATTAAAAACACCC
A/Linkou/0061/2016,AGCAAAAGCAGGGGATAATTCTATTAACC,GTGCATTAATTAAAAACACCC
A/Taipei/0092/2016,AGCAAAAGCAGGGGATAATTCTATTAACC,GTGCATTAATTAAAAACACCC
A/Taipei/0020/2016,AGCAAAAGCAGGGGATAATTCTATTAACC,GTGCATTAATTAAAAACACCC
A/PortoAlegre/LACENRS-1013/2016,AGCAAAAGCAGGGGATAATTCTATTAACC,GTGCATTAATTAAAAACACCCTTGTTTCTACT
A/Santiago/PUC-MVL_038/2017,AGCAAAAGCAGGGGATAATTCTATTAACC,GTGCATTAATTAAAAACACCCTTGTTTCTACT
A/Santiago/op002d0/2017,AGCAAAAGCAGGGGATAATTCTATTAACC,GTGCATTAATTAAAAACACCCTTGTTTCTACT
A/Santiago/PUC-MVL_005/2017,AGCAAAAGCAGGGGATAATTCTATTAACC,GTGCATTAATTAAAAACACCCTTGTTTCTACT
A/Santiago/RMS_p004d0/2017,AGCAAAAGCAGGGGATAATTCTATTAACC,GTGCATTAATTAAAAACACCCTTGTTTCTACT
A/Santiago/PUC-MVL_012/2017,AGCAAAAGCAGGGGATAATTCTATTAACC,GTACATTAATTAAAAACACCCTTGTTTCTACT
A/Santiago/PUC-MVL_013/2017,AGCAAAAGCAGGGGATAATTCTATTAACC,GTACATTAATTAAAAACACCCTTGTTTCTACT
A/Santiago/PUC-MVL_058/2017,AGCAAAAGCAGGGGATAATTCTATTAACC,GTACATTAATTAAAAACACCCTTGTTTCTACT
A/Linkou/0051/2016,AGCAAAAGCAGGGGATAATTCTATTAACC,GTGCATTAATTAAAAACACCC
A/Linkou/0081/2016,AGCAAAAGCAGGGGATAATTCTATTAACC,GTGCATTAATTAAAAACACCC
A/Taipei/0011/2015,AGCAAAAGCAGGGGATAATTCTATTAACC,GTGCATTAATTAAAAACACCC
A/Santiago/PUC-MVL_188/2017,AGCAAAAGCAGGGGATAATTCTATTAACC,GTGCATTGATTAAAAACACCCTTGTTTCTACT
A/Santiago/PUC-MVL_026/2017,AGCAAAAGCAGGGGATAATTCTATTAACC,GTGCATTAATTAAAAACACCCTTGTTTCTACT
A/Keelung/0091/2016,AGCAAAAGCAGGGGATAATTCTATTAACC,GTGCATTAATTAAAAACACCC
A/Linkou/0206/2017,AGCAAAAGCAGGGGATAATTCTATTAACC,GTGCATTAATTAAAAACACCC
A/Keelung/0161/2017,AGCAAAAGCAGGGGATAATTCTATTAACC,GTGCATTAATTAAAAACACCC
A/Linkou/0266/2017,AGCAAAAGCAGGGGATAATTCTATTAACC,GTGCATTAATTAAAAACACCC
A/Linkou/0335/2017,AGCAAAAGCAGGGGATAATTCTATTAACC,GTGCATTAATTAAAAACACCC
A/MUWRP-Uganda/706/2017,AGCAAAAGCAGGGGATAATTCTATTAACC,GTGCATTAATTAAAAACACCCTTGTTTCTACT
A/MUWRP-Uganda/709/2017,AGCAAAAGCAGGGGATAATTCTATTAACC,GTGCATTAATTAAAAACACCCTTGTTTCTACT
A/Santiago/PUC-MVL_051/2017,AGCAAAAGCAGGGGATAATTCTATTAACC,GTGCATTAATTAAAAACACCCTTGTTTCTACT
A/Santiago/RMS_op013d0/2017,AGCAAAAGCAGGGGATAATTCTATTAACC,GTGCATTAATTAAAAACACCCTTGTTTCTACT
A/Santiago/p008d0/2017,AGCAAAAGCAGGGGATAATTCTATTAACC,GTGCATTAATTAAAAACACCCTTGTTTCTACT
A/Santiago/p025d0/2017,AGCAAAAGCAGGGGATAATTCTATTAACC,GTGCATTAATTAAAAACACCCTTGTTTCTACT
A/Santiago/PUC-MVL_003/2017,AGCAAAAGCAGGGGATAATTCTATTAACC,GTGCATTAATTAAAAACACCCTTGTTTCTACT
A/Keelung/0026/2016,AGCAAAAGCAGGGGATAATTCTATTAACC,GTGCATTAATTAAAAACACCC
A/MUWRP-Uganda/705/2017,AGCAAAAGCAGGGGATAATTCTATTAACC,GTGCATTAATTAAAAACACCCTTGTTTCTACT
A/MUWRP-Uganda/580/2016,AGCAAAAGCAGGGGATAATTCTATTAACC,GTGCATTAATTAAAAACACCCTTGTTTCTACT
A/Santiago/p030d0/2017,AGCAAAAGCAGGGGATAATTCTATTAACC,GTGCATTAATTAAAAACACCCTTGTTTCTACT
A/Keelung/0023/2016,AGCAAAAGCAGGGGATAATTCTATTAACC,GTGCATTAATTAAAAACACCC
A/MUWRP-Uganda/579/2016,AGCAAAAGCAGGGGATAATTCTATTAACC,GTGCGTTAATTAAAAACACCCTTGTTTCTACT
A/Kenya/001/2017,CAGTAAAGCAGGGGATAATTCTATTAACC,GTGCATTAATTAAAAACACCC
A/Kenya/005/2017,CAGTAAAGCAGGGGATAATTCTATTAACC,GTGCATTAATTAAAAACACCC
A/Kenya/027/2017,CAGTAAAGCAGGGGATAATTCTATTAACC,GTGCATTAATTAAAAACACCC
A/Kenya/030/2017,CAGTAAAGCAGGGGATAATTCTATTAACC,GTGCATTAATTAAAAACACCC
A/Kenya/029/2017,CAGTAAAGCAGGGGATAATTCTATTAACC,GTGCATTAATTAAAAACACCC
A/Kenya/033/2017,CAGTAAAGCAGGGGATAATTCTATTAACC,GTGCATTAATTAAAAACACCC
A/Kenya/035/2017,CAGTAAAGCAGGGGATAATTCTATTAACC,GTGCATTAATTAAAAACACCC
A/Kenya/031/2017,CAGTAAAGCAGGGGATAATTCTATTAACC,GTGCATTAATTAAAAACACCC
A/Kenya/003/2017,CAGTAAAGCAGGGGATAATTCTATTAACC,GTGCATTAATTAAAAACACCC
A/Kenya/024/2017,CAGTAAAGCAGGGGATAATTCTATTAACC,GTGCATTAATTAAAAACACCC
A/Kenya/023/2017,CAGTAAAGCAGGGGATAATTCTATTAACC,GTGCATTAATTAAAAACACCC
A/Kenya/007/2017,CAGTAAAGCAGGGGATAATTCTATTAACC,GTACATTAATTAAAAACACCC
A/Kenya/008/2017,CAGTAAAGCAGGGGATAATTCTATTAACC,GTACATTAATTAAAAACACCC
A/Kenya/017/2017,CAGTAAAGCAGGGGATAATTCTATTAACC,GTACATTAATTAAAAACACCC
A/Kenya/018/2017,CAGTAAAGCAGGGGATAATTCTATTAACC,GTACATTAATTAAAAACACCC
A/Kenya/020/2017,CAGTAAAGCAGGGGATAATTCTATTAACC,GTACATTAATTAAAAACACCC
A/Kenya/009/2017,CAGTAAAGCAGGGGATAATTCTATTAACC,GTGCATTAATTAAAAACACCC
A/Kenya/011/2017,CAGTAAAGCAGGGGATAATTCTATTAACC,GTGCATTAATTAAAAACACCC
A/Kenya/015/2017,CAGTAAAGCAGGGGATAATTCTATTAACC,GTGCATTAATTAAAAACACCC
A/Kenya/021/2017,CAGTAAAGCAGGGGATAATTCTATTAACC,GTGCATTAATTAAAAACACCC
A/Kenya/016/2017,CAGTAAAGCAGGGGATAATTCTATTAACC,GTGCATTAATTAAAAACACC
A/Kenya/004/2017,CAGTAAAGCAGGGGATAATTCTATTAACC,GTGCATTAATTAAAAACACC
A/Kenya/026/2017,CAGTAAAGCAGGGGATAATTCTATTAACC,GTGCATTAATTAAAAACACC
A/Kenya/022/2017,CAGTAAAGCAGGGGATAATTCTATTAACC,GTGCATTAATTAAAAACACC
A/Kenya/028/2017,CAGTAAAGCAGGGGATAATTCTATTAACC,GTGCATTAATTAAAAACACC
A/Linkou/0181/2016,AGCAAAAGCAGGGGATAATTTTATTAACC,GTGCATTAATTAAAAACACCC
A/Linkou/0164/2016,AGCAAAAGCAGGGGATATTTCTATTAACC,GTGCATTAATTAAAAACACCC
A/MUWRP-Uganda/707/2017,AGCAAAAGCAGGGGATAATTCTATTAACT,GTGCATTGATTAAAAACACCCTTGTTTCTACT
A/MUWRP-Uganda/708/2017,AGCAAAAGCAGGGGATAATTCTATTAACT,GTGCATTGATTAAAAACACCCTTGTTTCTACT
A/Kenya/007/2015,AGTAAAAGCAGGGGATAATTCTATTAACC,GTGCATTAATTAAAAACACCCTTGTTTCTACT
A/Kenya/016/2016,AGTAAAAGCAGGGGATAATTCTATTAACC,GTGCATTAATTAAAAACACCCTTGTTTCTACT
A/Sydney/17/2018,GGACAATTCTATTAACC,GTGCATTAATTAAAAACAC
A/Sydney/194/2017,GGATAATTCTATTAAAC,GTGCATTAATTAAAAACAC
A/Virginia/30/2017,GGATAATTCTATTAAAC,GTGCATTAATTAAAAACAC
A/Wisconsin/330/2017,GGATAATTCTATTAAAC,GTGCATTAATTAAAAACAC
A/Tennessee/59/2017,GGATAATTCTACTAACC,GTGCATTAATTAAAAACAC
A/SouthAfrica/A136-005-063/2017,GGATATTTCTATTAACC,GTGCATTAATTAAAAACAC
A/Nicaragua/8727_10/2017,GGATAATTCTATTAACA,GTGCATTAATTAAAAACAC
A/Nicaragua/9508_06/2017,GGATAATTCTATTAACA,GTGCATTAATTAAAAACAC
A/Beijing/PUMCH02/2017,ACTTTGTGTTTGAGCGGGGGATAATTCTATTAACC,GTGCATTAA
A/Kenya/034/2017,GGGGATAATTCTATTAACC,GTGCATTAATTAAAAAACACCC
A/Kenya/036/2017,CAGTAAATCAGGGGATAATTCTATTAACC,GTGCATTAATTAAAAACACCC
A/NewYork/27/2017,GGATAATTCTATCAACC,GTGCATTAATTAAAAACAC
A/Washington/87/2016,CC,GTGCAT
A/NewJersey/NHRC_93400/2016,,GTGCATTAATTAAAAACACCCTTGTTTCTACT
A/India/1728590/2017,,GTGCATTAATTAAAAACA
A/India/1728574/2017,,GTGCATTAATTAAAAACA
A/India/1728584/2017,,GTGCATTAATTAAAAACA
A/India/1728626/2017,,GTGCATTAATTAAAAACA
A/India/1730885/2017,,GTGCATTAATTAAAAACA
A/India/1731439/2017,,GTGCATTAATTAAAAACA
A/India/1740982/2017,,GTGCATTAATTAAAAACA
A/India/1842584/2017,,GTGCATTAATTAAAAACA
A/India/1732150/2017,,GTGCATTAATTAAAAACA
A/India/1733370/2017,,GTGCATTAATTAAAAACA
A/India/1731128/2017,,GTGCATTAATTAAAAACA
A/India/1739931/2017,,GTGCATTAATTAAAAACA
A/India/1739932/2017,,GTGCATTAATTAAAAACA
A/India/1841647/2017,,GTGCATTAATTAAAAACA
A/India/1739930/2017,,GTGCATTAATTAAAAACA
A/India/1842563/2017,,GTGCATTAATTAAAAACA
A/India/1733135/2017,,GTGCATTAATTAAAAACA
A/India/1739927/2017,,GTGCATTAATTAAAAACA
A/India/1842577/2017,,GTGCATTAATTAAAAACA
A/India/1842552/2017,,GTGCATTAATTAAAAACA
A/India/1842564/2017,,GTGCATTAATTAAAAACA
A/India/1739944/2017,,GTGCATTAATTAAAAACA
A/India/1740988/2017,,GTGCATTAATTAAAAACA
A/India/1740989/2017,,GTGCATTAATTAAAAACA
A/India/1741037/2017,,GTGCATTAATTAAAAACA
A/India/1739946/2017,,GTGCATTAATTAAAAACA
A/India/1741143/2017,,GTGCATTAATTAAAAACA
A/India/1741146/2017,,GTGCATTAATTAAAAACA
A/India/1842580/2017,,GTGCATTAATTAAAAACA
A/India/1733862/2017,,GTGCATTAATTAAAAACA
A/India/1733873/2017,,GTGCATTAATTAAAAACA
A/India/1736023/2017,,GTGCATTAATTAAAAACA
A/India/1732610/2017,,GTGCATTAATTAAAAACA
A/NewJersey/NHRC_93398/2016,,GTGCATTAATTAAAAACACCCTTGTTTCT
A/Japan/6684/2018,,G
A/HongKong/3391/2017,,GTGCATTAATTAAAAACACCCTTGTTTCTACTAATACGAAGACCATAAA
